entity,maturityMonths,ticker
AUS,12,TMBMKAU-01Y
AUS,24,TMBMKAU-02Y
AUS,36,TMBMKAU-03Y
AUS,48,TMBMKAU-04Y
AUS,60,TMBMKAU-05Y
AUS,84,TMBMKAU-07Y
AUS,108,TMBMKAU-09Y
AUS,120,TMBMKAU-10Y
AUS,180,TMBMKAU-15Y
AUS,240,TMBMKAU-20Y
AUS,360,TMBMKAU-30Y
BEL,12,TMBMKBE-01Y
BEL,24,TMBMKBE-02Y
BEL,36,TMBMKBE-03Y
BEL,48,TMBMKBE-04Y
BEL,60,TMBMKBE-05Y
BEL,72,TMBMKBE-06Y
BEL,84,TMBMKBE-07Y
BEL,96,TMBMKBE-08Y
BEL,108,TMBMKBE-09Y
BEL,120,TMBMKBE-10Y
BEL,180,TMBMKBE-15Y
BEL,360,TMBMKBE-30Y
CAN,3,TMBMBCA-06M
CAN,6,TMBMBCA-03M
CAN,12,TMBMBCA-01Y
CAN,24,TMBMKCA-02Y
CAN,48,TMBMKCA-04Y
CAN,60,TMBMKCA-05Y
CAN,72,TMBMKCA-06Y
CAN,84,TMBMKCA-07Y
CAN,96,TMBMKCA-08Y
CAN,108,TMBMKCA-09Y
CAN,120,TMBMKCA-10Y
CAN,240,TMBMKCA-20Y
CAN,360,TMBMKCA-30Y
CHN,12,AMBMKRM-01Y
CHN,24,AMBMKRM-02Y
CHN,36,AMBMKRM-03Y
CHN,60,AMBMKRM-05Y
CHN,84,AMBMKRM-07Y
CHN,120,AMBMKRM-10Y
CHN,180,AMBMKRM-15Y
CHN,240,AMBMKRM-20Y
CHN,360,AMBMKRM-30Y
DNK,24,TMBMKDK-02Y
DNK,36,TMBMKDK-03Y
DNK,60,TMBMKDK-05Y
DNK,120,TMBMKDK-10Y
DNK,240,TMBMKDK-20Y
FRA,1,TMBMBFR-01M
FRA,3,TMBMBFR-03M
FRA,6,TMBMBFR-06M
FRA,9,TMBMBFR-09M
FRA,12,TMBMKFR-01Y
FRA,24,TMBMKFR-02Y
FRA,36,TMBMKFR-03Y
FRA,48,TMBMKFR-04Y
FRA,60,TMBMKFR-05Y
FRA,72,TMBMKFR-06Y
FRA,84,TMBMKFR-07Y
FRA,96,TMBMKFR-08Y
FRA,108,TMBMKFR-09Y
FRA,120,TMBMKFR-10Y
FRA,180,TMBMKFR-15Y
FRA,240,TMBMKFR-20Y
FRA,300,TMBMKFR-25Y
FRA,360,TMBMKFR-30Y
FRA,600,TMBMKFR-50Y
DEU,3,TMBMBDE-03M
DEU,6,TMBMBDE-06M
DEU,12,TMBMKDE-01Y
DEU,24,TMBMKDE-02Y
DEU,36,TMBMKDE-03Y
DEU,48,TMBMKDE-04Y
DEU,60,TMBMKDE-05Y
DEU,72,TMBMKDE-06Y
DEU,84,TMBMKDE-07Y
DEU,96,TMBMKDE-08Y
DEU,108,TMBMKDE-09Y
DEU,120,TMBMKDE-10Y
DEU,180,TMBMKDE-15Y
DEU,240,TMBMKDE-20Y
DEU,300,TMBMKDE-25Y
DEU,360,TMBMKDE-30Y
GRC,60,TMBMKGR-05Y
GRC,120,TMBMKGR-10Y
GRC,180,TMBMKGR-15Y
GRC,240,TMBMKGR-20Y
GRC,300,TMBMKGR-25Y
HKG,24,AMBMKHK-02Y
HKG,36,AMBMKHK-03Y
HKG,60,AMBMKHK-05Y
HKG,84,AMBMKHK-07Y
HKG,120,AMBMKHK-10Y
HUN,24,EMBMKHU-02Y
HUN,60,EMBMKHU-05Y
HUN,120,EMBMKHU-10Y
IND,12,LDBMKIN-01Y
IND,24,LDBMKIN-02Y
IND,60,LDBMKIN-05Y
IND,84,LDBMKIN-07Y
IND,120,LDBMKIN-10Y
IND,132,LDBMKIN-11Y
IND,240,LDBMKIN-20Y
IND,300,LDBMKIN-25Y
IDN,12,LDBMKID-01Y
IDN,36,LDBMKID-03Y
IDN,60,LDBMKID-05Y
IDN,120,LDBMKID-10Y
IDN,180,LDBMKID-15Y
IDN,240,LDBMKID-20Y
IDN,360,LDBMKID-30Y
IRL,12,TMBMKIE-01Y
IRL,24,TMBMKIE-02Y
IRL,36,TMBMKIE-03Y
IRL,60,TMBMKIE-05Y
IRL,96,TMBMKIE-08Y
IRL,120,TMBMKIE-10Y
IRL,180,TMBMKIE-15Y
ITA,3,TMBMBIT-03M
ITA,6,TMBMBIT-06M
ITA,9,TMBMBIT-09M
ITA,12,TMBMKIT-01Y
ITA,24,TMBMKIT-02Y
ITA,36,TMBMKIT-03Y
ITA,48,TMBMKIT-04Y
ITA,60,TMBMKIT-05Y
ITA,72,TMBMKIT-06Y
ITA,84,TMBMKIT-07Y
ITA,96,TMBMKIT-08Y
ITA,108,TMBMKIT-09Y
ITA,120,TMBMKIT-10Y
ITA,180,TMBMKIT-15Y
ITA,240,TMBMKIT-20Y
ITA,300,TMBMKIT-25Y
ITA,360,TMBMKIT-30Y
JPN,3,TMBMBJP-03M
JPN,6,TMBMBJP-06M
JPN,12,TMBMKJP-01Y
JPN,24,TMBMKJP-02Y
JPN,36,TMBMKJP-03Y
JPN,48,TMBMKJP-04Y
JPN,60,TMBMKJP-05Y
JPN,72,TMBMKJP-06Y
JPN,84,TMBMKJP-07Y
JPN,96,TMBMKJP-08Y
JPN,108,TMBMKJP-09Y
JPN,120,TMBMKJP-10Y
JPN,180,TMBMKJP-15Y
JPN,240,TMBMKJP-20Y
JPN,360,TMBMKJP-30Y
JPN,480,TMBMKJP-40Y
KOR,12,AMBMKKR-01Y
KOR,24,AMBMKKR-02Y
KOR,36,AMBMKKR-03Y
KOR,60,AMBMKKR-05Y
KOR,120,AMBMKKR-10Y
KOR,240,AMBMKKR-20Y
MYS,36,AMBMKMY-03Y
MYS,60,AMBMKMY-05Y
MYS,120,AMBMKMY-10Y
MYS,240,AMBMKMY-20Y
MEX,360,LMBMKMX-30Y
NLD,12,TMBMKNL-01Y
NLD,24,TMBMKNL-02Y
NLD,36,TMBMKNL-03Y
NLD,48,TMBMKNL-04Y
NLD,60,TMBMKNL-05Y
NLD,72,TMBMKNL-06Y
NLD,84,TMBMKNL-07Y
NLD,96,TMBMKNL-08Y
NLD,108,TMBMKNL-09Y
NLD,120,TMBMKNL-10Y
NLD,180,TMBMKNL-15Y
NLD,240,TMBMKNL-20Y
NLD,360,TMBMKNL-30Y
NZL,24,TMBMKNZ-02Y
NZL,60,TMBMKNZ-05Y
NZL,120,TMBMKNZ-10Y
NZL,180,TMBMKNZ-15Y
NZL,240,TMBMKNZ-20Y
NOR,24,TMBMKNO-02Y
NOR,60,TMBMKNO-05Y
NOR,84,TMBMKNO-07Y
NOR,120,TMBMKNO-10Y
PHL,24,LDBMKPH-02Y
PHL,36,LDBMKPH-03Y
PHL,48,LDBMKPH-04Y
PHL,60,LDBMKPH-05Y
PHL,84,LDBMKPH-07Y
PHL,120,LDBMKPH-10Y
PHL,240,LDBMKPH-20Y
POL,24,EMBMKPL-02Y
POL,60,EMBMKPL-05Y
POL,120,EMBMKPL-10Y
PRT,24,TMBMKPT-02Y
PRT,36,TMBMKPT-03Y
PRT,48,TMBMKPT-04Y
PRT,60,TMBMKPT-05Y
PRT,72,TMBMKPT-06Y
PRT,84,TMBMKPT-07Y
PRT,120,TMBMKPT-10Y
SGP,24,AMBMKSG-02Y
SGP,60,AMBMKSG-05Y
SGP,120,AMBMKSG-10Y
SGP,180,AMBMKSG-15Y
SGP,240,AMBMKSG-20Y
ZAF,36,EMBMKZA-03Y
ZAF,60,EMBMKZA-05Y
ZAF,120,EMBMKZA-10Y
ZAF,180,EMBMKZA-15Y
ZAF,240,EMBMKZA-20Y
ZAF,360,EMBMKZA-30Y
ESP,3,TMBMBES-03M
ESP,6,TMBMBES-06M
ESP,24,TMBMKES-02Y
ESP,36,TMBMKES-03Y
ESP,48,TMBMKES-04Y
ESP,60,TMBMKES-05Y
ESP,72,TMBMKES-06Y
ESP,84,TMBMKES-07Y
ESP,96,TMBMKES-08Y
ESP,108,TMBMKES-09Y
ESP,120,TMBMKES-10Y
ESP,240,TMBMKES-20Y
ESP,360,TMBMKES-30Y
SWE,24,TMBMKSE-02Y
SWE,60,TMBMKSE-05Y
SWE,84,TMBMKSE-07Y
SWE,108,TMBMKSE-09Y
SWE,120,TMBMKSE-10Y
TWN,24,AMBMKTW-02Y
TWN,60,AMBMKTW-05Y
TWN,120,AMBMKTW-10Y
TWN,240,AMBMKTW-20Y
TWN,360,AMBMKTW-30Y
THA,24,AMBMKTH-02Y
THA,60,AMBMKTH-05Y
THA,120,AMBMKTH-10Y
GBR,12,TMBMKGB-01Y
GBR,24,TMBMKGB-02Y
GBR,36,TMBMKGB-03Y
GBR,48,TMBMKGB-04Y
GBR,60,TMBMKGB-05Y
GBR,72,TMBMKGB-06Y
GBR,84,TMBMKGB-07Y
GBR,96,TMBMKGB-08Y
GBR,108,TMBMKGB-09Y
GBR,120,TMBMKGB-10Y
GBR,144,TMBMKGB-12Y
GBR,180,TMBMKGB-15Y
GBR,240,TMBMKGB-20Y
GBR,300,TMBMKGB-25Y
GBR,360,TMBMKGB-30Y
GBR,600,TMBMKGB-50Y
USA,1,TMUBMUSD01M
USA,3,TMUBMUSD03M
USA,6,TMUBMUSD06M
USA,12,TMUBMUSD01Y
USA,24,TMUBMUSD02Y
USA,36,TMUBMUSD03Y
USA,60,TMUBMUSD05Y
USA,84,TMUBMUSD07Y
USA,120,TMUBMUSD10Y
USA,240,TMUBMUSD20Y
USA,360,TMUBMUSD30Y
